{
    "Random Forest": {
        "accuracy": 0.9083333333333333,
        "precision": 0.9482758620689655,
        "recall": 0.873015873015873,
        "f1": 0.9090909090909091
    },
    "SVM": {
        "accuracy": 0.85,
        "precision": 0.8461538461538461,
        "recall": 0.873015873015873,
        "f1": 0.859375
    },
    "XGBoost": {
        "accuracy": 0.9333333333333333,
        "precision": 0.9508196721311475,
        "recall": 0.9206349206349206,
        "f1": 0.9354838709677419
    },
    "MLP": {
        "accuracy": 0.95,
        "precision": 0.9523809523809523,
        "recall": 0.9523809523809523,
        "f1": 0.9523809523809523
    },
    "Voting Ensemble": {
        "accuracy": 0.9166666666666666,
        "precision": 0.9491525423728814,
        "recall": 0.8888888888888888,
        "f1": 0.9180327868852459
    }
}