{
    "Random Forest": {
        "accuracy": 0.9083333333333333,
        "precision": 0.90625,
        "recall": 0.9206349206349206,
        "f1": 0.9133858267716536
    },
    "SVM": {
        "accuracy": 0.9083333333333333,
        "precision": 0.90625,
        "recall": 0.9206349206349206,
        "f1": 0.9133858267716536
    },
    "XGBoost": {
        "accuracy": 0.8666666666666667,
        "precision": 0.9122807017543859,
        "recall": 0.8253968253968254,
        "f1": 0.8666666666666667
    },
    "MLP": {
        "accuracy": 0.9,
        "precision": 0.9473684210526315,
        "recall": 0.8571428571428571,
        "f1": 0.9
    },
    "Voting Ensemble": {
        "accuracy": 0.95,
        "precision": 0.9523809523809523,
        "recall": 0.9523809523809523,
        "f1": 0.9523809523809523
    }
}