{
    "Random Forest": {
        "accuracy": 1.0,
        "precision": 1.0,
        "recall": 1.0,
        "f1": 1.0
    },
    "SVM": {
        "accuracy": 0.45098039215686275,
        "precision": 0.0,
        "recall": 0.0,
        "f1": 0.0
    },
    "XGBoost": {
        "accuracy": 0.9411764705882353,
        "precision": 1.0,
        "recall": 0.8928571428571429,
        "f1": 0.9433962264150944
    },
    "MLP": {
        "accuracy": 0.45098039215686275,
        "precision": 0.0,
        "recall": 0.0,
        "f1": 0.0
    },
    "Voting Ensemble": {
        "accuracy": 0.9215686274509803,
        "precision": 1.0,
        "recall": 0.8571428571428571,
        "f1": 0.9230769230769231
    }
}